Слово в названии продукта;Производитель (виробник)
A4;A4Tech
ACPR;ATIS
AGM;AGM
AGROMOT;AGROMOT
Ajax;Ajax
Akuvox;Akuvox
AlphaESS;AlphaESS
ATIS;ATIS
AZBIST;AZBIST
BCOM;BCOM
BG;BG
Boblov;Boblov
BRAZZERS;BRAZZERS
Cisa;Cisa
Commax;Commax
CSB;CSB
Dahua;Dahua Technology
Dell;Dell
DELTA;DELTA
Deye;Deye
DH;Dahua Technology
DHI;Dahua Technology
Dnake;Dnake
DS;Hikvision
Dyness;Dyness
Dyness;Dyness
Europower;Europower
Ew;Ewind
Ezviz;Ezviz
Faraday Electronics;Faraday Electronics
FIMI;FIMI
FPV;FPV
Full Energy;Full Energy
Gryphon;Gryphon
Hikvision;Hikvision
HiWatch;HiWatch
Hytera;Hytera
HYX;HYXiPower
Imou;Imou
Jablotron;Jablotron
Kingston;Kingston
Kraft;Kraft
KSTAR;KSTAR
Light Vision;Light Vision
Lightwell;Lightwell
Longse;Longse
MBK;Yli Electronic
Mean Well;Mean Well
MeanWell;MeanWell
Megarevo;Megarevo
MERCUSYS;MERCUSYS
Merlion;Merlion
Meross;Meross
MikroTik;MikroTik
Motorola;Motorola
MS;MS
MUST;MUST
Mustang Energy;Mustang Energy
Neolight;Neolight
ORBUS;ORBUS
PBK;PBK
PowerLink;PowerLink
PSU;PSU
Ritar;Ritar
RIVER;RIVER
Ruijie;Ruijie
Seagate;Seagate
SEVEN;SEVEN
Slinex;Slinex
SWATTEN;SWATTEN
Tiras;Tiras
TML;TML
TP-Link;TP-Link
Transcend;Transcend
TRINIX;TRINIX
Ubiquiti;Ubiquiti
Ultracell;Ultracell
UNV;UNV
U-Prox;U-Prox
Utepo;Utepo
VIA Energy;VIA Energy
Via Security;Via Security
VIASecurity;Via Security
Victron Energy;Victron Energy
VictronEnergy;Victron Energy
VOLTER;VOLTER
VTM;Dahua Technology
VTO;Dahua Technology
Western Digital;Western Digital
YB;Yli Electronic
Yli Electronic;Yli Electronic
YM;YM
YM;Yli Electronic
YS;Yli Electronic
Zendure;Zendure
ZKTeco;ZKTeco
ZKTECO;ZKTeco
OK-Net;Одескабель
Одескабель;Одескабель
Новий кабельний завод;Новий кабельний завод
ЗЗКМ;ЗЗКМ
DCG;DCG
TCF;TCF
УкрПожКабель;УкрПожКабель
